{
  "_format": "hh-sol-cache-2",
  "files": {
    "C:\\Users\\Aditya\\Desktop\\Rupay Khudka\\contracts\\Lend.sol": {
      "lastModificationDate": 1742678747450,
      "contentHash": "bf40e3d80660162e31397b7f707b1da1",
      "sourceName": "contracts/Lend.sol",
      "solcConfig": {
        "version": "0.8.20",
        "settings": {
          "evmVersion": "paris",
          "optimizer": {
            "enabled": false,
            "runs": 200
          },
          "outputSelection": {
            "*": {
              "*": [
                "abi",
                "evm.bytecode",
                "evm.deployedBytecode",
                "evm.methodIdentifiers",
                "metadata"
              ],
              "": [
                "ast"
              ]
            }
          }
        }
      },
      "imports": [
        "@chainlink/contracts/src/v0.8/shared/interfaces/AggregatorV3Interface.sol",
        "@chainlink/contracts/src/v0.8/ChainlinkClient.sol",
        "@openzeppelin/contracts/token/ERC20/IERC20.sol",
        "@openzeppelin/contracts/access/Ownable.sol"
      ],
      "versionPragmas": [
        "^0.8.0"
      ],
      "artifacts": [
        "Lend"
      ]
    },
    "C:\\Users\\Aditya\\Desktop\\Rupay Khudka\\node_modules\\@openzeppelin\\contracts\\access\\Ownable.sol": {
      "lastModificationDate": 1742677806103,
      "contentHash": "5a20b2cad87ddb61c7a3a6af21289e28",
      "sourceName": "@openzeppelin/contracts/access/Ownable.sol",
      "solcConfig": {
        "version": "0.8.20",
        "settings": {
          "evmVersion": "paris",
          "optimizer": {
            "enabled": false,
            "runs": 200
          },
          "outputSelection": {
            "*": {
              "*": [
                "abi",
                "evm.bytecode",
                "evm.deployedBytecode",
                "evm.methodIdentifiers",
                "metadata"
              ],
              "": [
                "ast"
              ]
            }
          }
        }
      },
      "imports": [
        "../utils/Context.sol"
      ],
      "versionPragmas": [
        "^0.8.0"
      ],
      "artifacts": [
        "Ownable"
      ]
    },
    "C:\\Users\\Aditya\\Desktop\\Rupay Khudka\\node_modules\\@chainlink\\contracts\\src\\v0.8\\ChainlinkClient.sol": {
      "lastModificationDate": 1742677806666,
      "contentHash": "ef281ec488cb0fd6add23747ccfda87f",
      "sourceName": "@chainlink/contracts/src/v0.8/ChainlinkClient.sol",
      "solcConfig": {
        "version": "0.8.20",
        "settings": {
          "evmVersion": "paris",
          "optimizer": {
            "enabled": false,
            "runs": 200
          },
          "outputSelection": {
            "*": {
              "*": [
                "abi",
                "evm.bytecode",
                "evm.deployedBytecode",
                "evm.methodIdentifiers",
                "metadata"
              ],
              "": [
                "ast"
              ]
            }
          }
        }
      },
      "imports": [
        "./Chainlink.sol",
        "./interfaces/ENSInterface.sol",
        "./shared/interfaces/LinkTokenInterface.sol",
        "./interfaces/ChainlinkRequestInterface.sol",
        "./interfaces/OperatorInterface.sol",
        "./interfaces/PointerInterface.sol",
        "./vendor/ENSResolver.sol"
      ],
      "versionPragmas": [
        "^0.8.0"
      ],
      "artifacts": [
        "ChainlinkClient"
      ]
    },
    "C:\\Users\\Aditya\\Desktop\\Rupay Khudka\\node_modules\\@openzeppelin\\contracts\\token\\ERC20\\IERC20.sol": {
      "lastModificationDate": 1742677805982,
      "contentHash": "df36f7051335cd1e748b1b6463b7fdd3",
      "sourceName": "@openzeppelin/contracts/token/ERC20/IERC20.sol",
      "solcConfig": {
        "version": "0.8.20",
        "settings": {
          "evmVersion": "paris",
          "optimizer": {
            "enabled": false,
            "runs": 200
          },
          "outputSelection": {
            "*": {
              "*": [
                "abi",
                "evm.bytecode",
                "evm.deployedBytecode",
                "evm.methodIdentifiers",
                "metadata"
              ],
              "": [
                "ast"
              ]
            }
          }
        }
      },
      "imports": [],
      "versionPragmas": [
        "^0.8.0"
      ],
      "artifacts": [
        "IERC20"
      ]
    },
    "C:\\Users\\Aditya\\Desktop\\Rupay Khudka\\node_modules\\@chainlink\\contracts\\src\\v0.8\\shared\\interfaces\\AggregatorV3Interface.sol": {
      "lastModificationDate": 1742677806427,
      "contentHash": "64a3f906dc7696aa3c9fa8454b673be7",
      "sourceName": "@chainlink/contracts/src/v0.8/shared/interfaces/AggregatorV3Interface.sol",
      "solcConfig": {
        "version": "0.8.20",
        "settings": {
          "evmVersion": "paris",
          "optimizer": {
            "enabled": false,
            "runs": 200
          },
          "outputSelection": {
            "*": {
              "*": [
                "abi",
                "evm.bytecode",
                "evm.deployedBytecode",
                "evm.methodIdentifiers",
                "metadata"
              ],
              "": [
                "ast"
              ]
            }
          }
        }
      },
      "imports": [],
      "versionPragmas": [
        "^0.8.0"
      ],
      "artifacts": [
        "AggregatorV3Interface"
      ]
    },
    "C:\\Users\\Aditya\\Desktop\\Rupay Khudka\\node_modules\\@openzeppelin\\contracts\\utils\\Context.sol": {
      "lastModificationDate": 1742677805648,
      "contentHash": "5f2c5c4b6af2dd4551027144797bc8be",
      "sourceName": "@openzeppelin/contracts/utils/Context.sol",
      "solcConfig": {
        "version": "0.8.20",
        "settings": {
          "evmVersion": "paris",
          "optimizer": {
            "enabled": false,
            "runs": 200
          },
          "outputSelection": {
            "*": {
              "*": [
                "abi",
                "evm.bytecode",
                "evm.deployedBytecode",
                "evm.methodIdentifiers",
                "metadata"
              ],
              "": [
                "ast"
              ]
            }
          }
        }
      },
      "imports": [],
      "versionPragmas": [
        "^0.8.0"
      ],
      "artifacts": [
        "Context"
      ]
    },
    "C:\\Users\\Aditya\\Desktop\\Rupay Khudka\\node_modules\\@chainlink\\contracts\\src\\v0.8\\Chainlink.sol": {
      "lastModificationDate": 1742677806665,
      "contentHash": "c32ccfc268893e566cd82c4f94109ce4",
      "sourceName": "@chainlink/contracts/src/v0.8/Chainlink.sol",
      "solcConfig": {
        "version": "0.8.20",
        "settings": {
          "evmVersion": "paris",
          "optimizer": {
            "enabled": false,
            "runs": 200
          },
          "outputSelection": {
            "*": {
              "*": [
                "abi",
                "evm.bytecode",
                "evm.deployedBytecode",
                "evm.methodIdentifiers",
                "metadata"
              ],
              "": [
                "ast"
              ]
            }
          }
        }
      },
      "imports": [
        "./vendor/CBORChainlink.sol",
        "./vendor/BufferChainlink.sol"
      ],
      "versionPragmas": [
        "^0.8.0"
      ],
      "artifacts": [
        "Chainlink"
      ]
    },
    "C:\\Users\\Aditya\\Desktop\\Rupay Khudka\\node_modules\\@chainlink\\contracts\\src\\v0.8\\interfaces\\ENSInterface.sol": {
      "lastModificationDate": 1742677806797,
      "contentHash": "a629e4814fcf3859299937af8c4c8263",
      "sourceName": "@chainlink/contracts/src/v0.8/interfaces/ENSInterface.sol",
      "solcConfig": {
        "version": "0.8.20",
        "settings": {
          "evmVersion": "paris",
          "optimizer": {
            "enabled": false,
            "runs": 200
          },
          "outputSelection": {
            "*": {
              "*": [
                "abi",
                "evm.bytecode",
                "evm.deployedBytecode",
                "evm.methodIdentifiers",
                "metadata"
              ],
              "": [
                "ast"
              ]
            }
          }
        }
      },
      "imports": [],
      "versionPragmas": [
        "^0.8.0"
      ],
      "artifacts": [
        "ENSInterface"
      ]
    },
    "C:\\Users\\Aditya\\Desktop\\Rupay Khudka\\node_modules\\@chainlink\\contracts\\src\\v0.8\\interfaces\\OperatorInterface.sol": {
      "lastModificationDate": 1742677807466,
      "contentHash": "520caa479a9943d8b730a84573bd48b3",
      "sourceName": "@chainlink/contracts/src/v0.8/interfaces/OperatorInterface.sol",
      "solcConfig": {
        "version": "0.8.20",
        "settings": {
          "evmVersion": "paris",
          "optimizer": {
            "enabled": false,
            "runs": 200
          },
          "outputSelection": {
            "*": {
              "*": [
                "abi",
                "evm.bytecode",
                "evm.deployedBytecode",
                "evm.methodIdentifiers",
                "metadata"
              ],
              "": [
                "ast"
              ]
            }
          }
        }
      },
      "imports": [
        "./OracleInterface.sol",
        "./ChainlinkRequestInterface.sol"
      ],
      "versionPragmas": [
        "^0.8.0"
      ],
      "artifacts": [
        "OperatorInterface"
      ]
    },
    "C:\\Users\\Aditya\\Desktop\\Rupay Khudka\\node_modules\\@chainlink\\contracts\\src\\v0.8\\interfaces\\ChainlinkRequestInterface.sol": {
      "lastModificationDate": 1742677806670,
      "contentHash": "5507fe28e2478a158db6204a52434f99",
      "sourceName": "@chainlink/contracts/src/v0.8/interfaces/ChainlinkRequestInterface.sol",
      "solcConfig": {
        "version": "0.8.20",
        "settings": {
          "evmVersion": "paris",
          "optimizer": {
            "enabled": false,
            "runs": 200
          },
          "outputSelection": {
            "*": {
              "*": [
                "abi",
                "evm.bytecode",
                "evm.deployedBytecode",
                "evm.methodIdentifiers",
                "metadata"
              ],
              "": [
                "ast"
              ]
            }
          }
        }
      },
      "imports": [],
      "versionPragmas": [
        "^0.8.0"
      ],
      "artifacts": [
        "ChainlinkRequestInterface"
      ]
    },
    "C:\\Users\\Aditya\\Desktop\\Rupay Khudka\\node_modules\\@chainlink\\contracts\\src\\v0.8\\vendor\\ENSResolver.sol": {
      "lastModificationDate": 1742677806798,
      "contentHash": "24a98b0606654e662097eed9ffa91a11",
      "sourceName": "@chainlink/contracts/src/v0.8/vendor/ENSResolver.sol",
      "solcConfig": {
        "version": "0.8.20",
        "settings": {
          "evmVersion": "paris",
          "optimizer": {
            "enabled": false,
            "runs": 200
          },
          "outputSelection": {
            "*": {
              "*": [
                "abi",
                "evm.bytecode",
                "evm.deployedBytecode",
                "evm.methodIdentifiers",
                "metadata"
              ],
              "": [
                "ast"
              ]
            }
          }
        }
      },
      "imports": [],
      "versionPragmas": [
        "^0.8.0"
      ],
      "artifacts": [
        "ENSResolver"
      ]
    },
    "C:\\Users\\Aditya\\Desktop\\Rupay Khudka\\node_modules\\@chainlink\\contracts\\src\\v0.8\\interfaces\\PointerInterface.sol": {
      "lastModificationDate": 1742677807506,
      "contentHash": "ada952126c3361883ccd2151aea62dc1",
      "sourceName": "@chainlink/contracts/src/v0.8/interfaces/PointerInterface.sol",
      "solcConfig": {
        "version": "0.8.20",
        "settings": {
          "evmVersion": "paris",
          "optimizer": {
            "enabled": false,
            "runs": 200
          },
          "outputSelection": {
            "*": {
              "*": [
                "abi",
                "evm.bytecode",
                "evm.deployedBytecode",
                "evm.methodIdentifiers",
                "metadata"
              ],
              "": [
                "ast"
              ]
            }
          }
        }
      },
      "imports": [],
      "versionPragmas": [
        "^0.8.0"
      ],
      "artifacts": [
        "PointerInterface"
      ]
    },
    "C:\\Users\\Aditya\\Desktop\\Rupay Khudka\\node_modules\\@chainlink\\contracts\\src\\v0.8\\shared\\interfaces\\LinkTokenInterface.sol": {
      "lastModificationDate": 1742677807219,
      "contentHash": "2bad029d4994ec16b93df2e46955d37f",
      "sourceName": "@chainlink/contracts/src/v0.8/shared/interfaces/LinkTokenInterface.sol",
      "solcConfig": {
        "version": "0.8.20",
        "settings": {
          "evmVersion": "paris",
          "optimizer": {
            "enabled": false,
            "runs": 200
          },
          "outputSelection": {
            "*": {
              "*": [
                "abi",
                "evm.bytecode",
                "evm.deployedBytecode",
                "evm.methodIdentifiers",
                "metadata"
              ],
              "": [
                "ast"
              ]
            }
          }
        }
      },
      "imports": [],
      "versionPragmas": [
        "^0.8.0"
      ],
      "artifacts": [
        "LinkTokenInterface"
      ]
    },
    "C:\\Users\\Aditya\\Desktop\\Rupay Khudka\\node_modules\\@chainlink\\contracts\\src\\v0.8\\vendor\\BufferChainlink.sol": {
      "lastModificationDate": 1742677806595,
      "contentHash": "52ac6f99fb0635751ae4ed11139878fd",
      "sourceName": "@chainlink/contracts/src/v0.8/vendor/BufferChainlink.sol",
      "solcConfig": {
        "version": "0.8.20",
        "settings": {
          "evmVersion": "paris",
          "optimizer": {
            "enabled": false,
            "runs": 200
          },
          "outputSelection": {
            "*": {
              "*": [
                "abi",
                "evm.bytecode",
                "evm.deployedBytecode",
                "evm.methodIdentifiers",
                "metadata"
              ],
              "": [
                "ast"
              ]
            }
          }
        }
      },
      "imports": [],
      "versionPragmas": [
        "^0.8.0"
      ],
      "artifacts": [
        "BufferChainlink"
      ]
    },
    "C:\\Users\\Aditya\\Desktop\\Rupay Khudka\\node_modules\\@chainlink\\contracts\\src\\v0.8\\vendor\\CBORChainlink.sol": {
      "lastModificationDate": 1742677806654,
      "contentHash": "99b3ee2c29bc0d1a5cba583d9e8d835e",
      "sourceName": "@chainlink/contracts/src/v0.8/vendor/CBORChainlink.sol",
      "solcConfig": {
        "version": "0.8.20",
        "settings": {
          "evmVersion": "paris",
          "optimizer": {
            "enabled": false,
            "runs": 200
          },
          "outputSelection": {
            "*": {
              "*": [
                "abi",
                "evm.bytecode",
                "evm.deployedBytecode",
                "evm.methodIdentifiers",
                "metadata"
              ],
              "": [
                "ast"
              ]
            }
          }
        }
      },
      "imports": [
        "./BufferChainlink.sol"
      ],
      "versionPragmas": [
        ">=0.4.19"
      ],
      "artifacts": [
        "CBORChainlink"
      ]
    },
    "C:\\Users\\Aditya\\Desktop\\Rupay Khudka\\node_modules\\@chainlink\\contracts\\src\\v0.8\\interfaces\\OracleInterface.sol": {
      "lastModificationDate": 1742677807489,
      "contentHash": "88b9336cf245db745ab365765d88aaa7",
      "sourceName": "@chainlink/contracts/src/v0.8/interfaces/OracleInterface.sol",
      "solcConfig": {
        "version": "0.8.20",
        "settings": {
          "evmVersion": "paris",
          "optimizer": {
            "enabled": false,
            "runs": 200
          },
          "outputSelection": {
            "*": {
              "*": [
                "abi",
                "evm.bytecode",
                "evm.deployedBytecode",
                "evm.methodIdentifiers",
                "metadata"
              ],
              "": [
                "ast"
              ]
            }
          }
        }
      },
      "imports": [],
      "versionPragmas": [
        "^0.8.0"
      ],
      "artifacts": [
        "OracleInterface"
      ]
    },
    "C:\\Users\\Aditya\\Desktop\\Rupay Khudka\\contracts\\User.sol": {
      "lastModificationDate": 1742683520734,
      "contentHash": "0dc9a75c0b305e7c4c731eb440d2ace0",
      "sourceName": "contracts/User.sol",
      "solcConfig": {
        "version": "0.8.20",
        "settings": {
          "evmVersion": "paris",
          "optimizer": {
            "enabled": false,
            "runs": 200
          },
          "outputSelection": {
            "*": {
              "*": [
                "abi",
                "evm.bytecode",
                "evm.deployedBytecode",
                "evm.methodIdentifiers",
                "metadata"
              ],
              "": [
                "ast"
              ]
            }
          }
        }
      },
      "imports": [],
      "versionPragmas": [
        "^0.8.0"
      ],
      "artifacts": [
        "User"
      ]
    },
    "C:\\Users\\Aditya\\Desktop\\Rupay Khudka\\node_modules\\@superfluid-finance\\ethereum-contracts\\contracts\\interfaces\\agreements\\gdav1\\ISuperfluidPool.sol": {
      "lastModificationDate": 1742677967674,
      "contentHash": "a6cffc4ff1bc3c731a8bff13479362d2",
      "sourceName": "@superfluid-finance/ethereum-contracts/contracts/interfaces/agreements/gdav1/ISuperfluidPool.sol",
      "solcConfig": {
        "version": "0.8.20",
        "settings": {
          "evmVersion": "paris",
          "optimizer": {
            "enabled": false,
            "runs": 200
          },
          "outputSelection": {
            "*": {
              "*": [
                "abi",
                "evm.bytecode",
                "evm.deployedBytecode",
                "evm.methodIdentifiers",
                "metadata"
              ],
              "": [
                "ast"
              ]
            }
          }
        }
      },
      "imports": [
        "@openzeppelin/contracts/token/ERC20/IERC20.sol",
        "../../superfluid/ISuperfluidToken.sol"
      ],
      "versionPragmas": [
        ">=0.8.4"
      ],
      "artifacts": [
        "ISuperfluidPool"
      ]
    },
    "C:\\Users\\Aditya\\Desktop\\Rupay Khudka\\node_modules\\@superfluid-finance\\ethereum-contracts\\contracts\\interfaces\\superfluid\\ISuperfluidToken.sol": {
      "lastModificationDate": 1742677967675,
      "contentHash": "754cedf65d15d0129e8b2d85ac9ce35a",
      "sourceName": "@superfluid-finance/ethereum-contracts/contracts/interfaces/superfluid/ISuperfluidToken.sol",
      "solcConfig": {
        "version": "0.8.20",
        "settings": {
          "evmVersion": "paris",
          "optimizer": {
            "enabled": false,
            "runs": 200
          },
          "outputSelection": {
            "*": {
              "*": [
                "abi",
                "evm.bytecode",
                "evm.deployedBytecode",
                "evm.methodIdentifiers",
                "metadata"
              ],
              "": [
                "ast"
              ]
            }
          }
        }
      },
      "imports": [
        "./ISuperAgreement.sol"
      ],
      "versionPragmas": [
        ">= 0.8.11"
      ],
      "artifacts": [
        "ISuperfluidToken"
      ]
    },
    "C:\\Users\\Aditya\\Desktop\\Rupay Khudka\\node_modules\\@superfluid-finance\\ethereum-contracts\\contracts\\interfaces\\superfluid\\ISuperAgreement.sol": {
      "lastModificationDate": 1742677967669,
      "contentHash": "86bf0825a88f435db8d8ca9679fc9ac6",
      "sourceName": "@superfluid-finance/ethereum-contracts/contracts/interfaces/superfluid/ISuperAgreement.sol",
      "solcConfig": {
        "version": "0.8.20",
        "settings": {
          "evmVersion": "paris",
          "optimizer": {
            "enabled": false,
            "runs": 200
          },
          "outputSelection": {
            "*": {
              "*": [
                "abi",
                "evm.bytecode",
                "evm.deployedBytecode",
                "evm.methodIdentifiers",
                "metadata"
              ],
              "": [
                "ast"
              ]
            }
          }
        }
      },
      "imports": [
        "./ISuperfluidToken.sol"
      ],
      "versionPragmas": [
        ">= 0.8.11"
      ],
      "artifacts": [
        "ISuperAgreement"
      ]
    },
    "C:\\Users\\Aditya\\Desktop\\Rupay Khudka\\node_modules\\@superfluid-finance\\ethereum-contracts\\contracts\\interfaces\\agreements\\gdav1\\IGeneralDistributionAgreementV1.sol": {
      "lastModificationDate": 1742677967654,
      "contentHash": "ea1da9a574e366f542ff3e0f28f79903",
      "sourceName": "@superfluid-finance/ethereum-contracts/contracts/interfaces/agreements/gdav1/IGeneralDistributionAgreementV1.sol",
      "solcConfig": {
        "version": "0.8.20",
        "settings": {
          "evmVersion": "paris",
          "optimizer": {
            "enabled": false,
            "runs": 200
          },
          "outputSelection": {
            "*": {
              "*": [
                "abi",
                "evm.bytecode",
                "evm.deployedBytecode",
                "evm.methodIdentifiers",
                "metadata"
              ],
              "": [
                "ast"
              ]
            }
          }
        }
      },
      "imports": [
        "../../superfluid/ISuperAgreement.sol",
        "../../superfluid/ISuperfluidToken.sol",
        "../../agreements/gdav1/ISuperfluidPool.sol"
      ],
      "versionPragmas": [
        ">=0.8.4"
      ],
      "artifacts": [
        "IGeneralDistributionAgreementV1"
      ]
    },
    "C:\\Users\\Aditya\\Desktop\\Rupay Khudka\\node_modules\\@superfluid-finance\\ethereum-contracts\\contracts\\interfaces\\agreements\\IConstantFlowAgreementV1.sol": {
      "lastModificationDate": 1742677967652,
      "contentHash": "f6cdf4d7b598d8e975e434980d355a51",
      "sourceName": "@superfluid-finance/ethereum-contracts/contracts/interfaces/agreements/IConstantFlowAgreementV1.sol",
      "solcConfig": {
        "version": "0.8.20",
        "settings": {
          "evmVersion": "paris",
          "optimizer": {
            "enabled": false,
            "runs": 200
          },
          "outputSelection": {
            "*": {
              "*": [
                "abi",
                "evm.bytecode",
                "evm.deployedBytecode",
                "evm.methodIdentifiers",
                "metadata"
              ],
              "": [
                "ast"
              ]
            }
          }
        }
      },
      "imports": [
        "../superfluid/ISuperAgreement.sol",
        "../superfluid/ISuperfluidToken.sol"
      ],
      "versionPragmas": [
        ">= 0.8.11"
      ],
      "artifacts": [
        "IConstantFlowAgreementV1"
      ]
    },
    "C:\\Users\\Aditya\\Desktop\\Rupay Khudka\\node_modules\\@superfluid-finance\\ethereum-contracts\\contracts\\interfaces\\superfluid\\ISuperfluid.sol": {
      "lastModificationDate": 1742677967672,
      "contentHash": "a9fae788c1883d898876c25d9a2e2d8f",
      "sourceName": "@superfluid-finance/ethereum-contracts/contracts/interfaces/superfluid/ISuperfluid.sol",
      "solcConfig": {
        "version": "0.8.20",
        "settings": {
          "evmVersion": "paris",
          "optimizer": {
            "enabled": false,
            "runs": 200
          },
          "outputSelection": {
            "*": {
              "*": [
                "abi",
                "evm.bytecode",
                "evm.deployedBytecode",
                "evm.methodIdentifiers",
                "metadata"
              ],
              "": [
                "ast"
              ]
            }
          }
        }
      },
      "imports": [
        "./Definitions.sol",
        "@openzeppelin/contracts/token/ERC20/extensions/IERC20Metadata.sol",
        "@openzeppelin/contracts/token/ERC777/IERC777.sol",
        "./ISuperfluidToken.sol",
        "./ISuperToken.sol",
        "./ISuperTokenFactory.sol",
        "../tokens/ISETH.sol",
        "../agreements/gdav1/IPoolAdminNFT.sol",
        "../agreements/gdav1/IPoolMemberNFT.sol",
        "./ISuperAgreement.sol",
        "../agreements/IConstantFlowAgreementV1.sol",
        "../agreements/IInstantDistributionAgreementV1.sol",
        "../agreements/gdav1/IGeneralDistributionAgreementV1.sol",
        "../agreements/gdav1/ISuperfluidPool.sol",
        "./ISuperApp.sol",
        "./ISuperfluidGovernance.sol"
      ],
      "versionPragmas": [
        ">= 0.8.11"
      ],
      "artifacts": [
        "ISuperfluid"
      ]
    },
    "C:\\Users\\Aditya\\Desktop\\Rupay Khudka\\node_modules\\@superfluid-finance\\ethereum-contracts\\contracts\\interfaces\\superfluid\\ISuperToken.sol": {
      "lastModificationDate": 1742677967677,
      "contentHash": "c4098270e0390bae5215d911b5ae1137",
      "sourceName": "@superfluid-finance/ethereum-contracts/contracts/interfaces/superfluid/ISuperToken.sol",
      "solcConfig": {
        "version": "0.8.20",
        "settings": {
          "evmVersion": "paris",
          "optimizer": {
            "enabled": false,
            "runs": 200
          },
          "outputSelection": {
            "*": {
              "*": [
                "abi",
                "evm.bytecode",
                "evm.deployedBytecode",
                "evm.methodIdentifiers",
                "metadata"
              ],
              "": [
                "ast"
              ]
            }
          }
        }
      },
      "imports": [
        "./ISuperfluidToken.sol",
        "@openzeppelin/contracts/token/ERC20/extensions/IERC20Metadata.sol",
        "@openzeppelin/contracts/token/ERC777/IERC777.sol",
        "../agreements/gdav1/IPoolAdminNFT.sol",
        "../agreements/gdav1/IPoolMemberNFT.sol"
      ],
      "versionPragmas": [
        ">= 0.8.11"
      ],
      "artifacts": [
        "ISuperToken"
      ]
    },
    "C:\\Users\\Aditya\\Desktop\\Rupay Khudka\\node_modules\\@openzeppelin\\contracts\\token\\ERC777\\IERC777.sol": {
      "lastModificationDate": 1742677806050,
      "contentHash": "ac43d0ff9ace16c82712150d22c71207",
      "sourceName": "@openzeppelin/contracts/token/ERC777/IERC777.sol",
      "solcConfig": {
        "version": "0.8.20",
        "settings": {
          "evmVersion": "paris",
          "optimizer": {
            "enabled": false,
            "runs": 200
          },
          "outputSelection": {
            "*": {
              "*": [
                "abi",
                "evm.bytecode",
                "evm.deployedBytecode",
                "evm.methodIdentifiers",
                "metadata"
              ],
              "": [
                "ast"
              ]
            }
          }
        }
      },
      "imports": [],
      "versionPragmas": [
        "^0.8.0"
      ],
      "artifacts": [
        "IERC777"
      ]
    },
    "C:\\Users\\Aditya\\Desktop\\Rupay Khudka\\node_modules\\@superfluid-finance\\ethereum-contracts\\contracts\\interfaces\\superfluid\\Definitions.sol": {
      "lastModificationDate": 1742677967640,
      "contentHash": "824e81a1949e4ebdcae2e7faef4a2060",
      "sourceName": "@superfluid-finance/ethereum-contracts/contracts/interfaces/superfluid/Definitions.sol",
      "solcConfig": {
        "version": "0.8.20",
        "settings": {
          "evmVersion": "paris",
          "optimizer": {
            "enabled": false,
            "runs": 200
          },
          "outputSelection": {
            "*": {
              "*": [
                "abi",
                "evm.bytecode",
                "evm.deployedBytecode",
                "evm.methodIdentifiers",
                "metadata"
              ],
              "": [
                "ast"
              ]
            }
          }
        }
      },
      "imports": [],
      "versionPragmas": [
        ">= 0.8.11"
      ],
      "artifacts": [
        "BatchOperation",
        "ContextDefinitions",
        "FlowOperatorDefinitions",
        "SuperAppDefinitions",
        "SuperfluidGovernanceConfigs"
      ]
    },
    "C:\\Users\\Aditya\\Desktop\\Rupay Khudka\\node_modules\\@openzeppelin\\contracts\\token\\ERC20\\extensions\\IERC20Metadata.sol": {
      "lastModificationDate": 1742677805987,
      "contentHash": "909ab67fc5c25033fe6cd364f8c056f9",
      "sourceName": "@openzeppelin/contracts/token/ERC20/extensions/IERC20Metadata.sol",
      "solcConfig": {
        "version": "0.8.20",
        "settings": {
          "evmVersion": "paris",
          "optimizer": {
            "enabled": false,
            "runs": 200
          },
          "outputSelection": {
            "*": {
              "*": [
                "abi",
                "evm.bytecode",
                "evm.deployedBytecode",
                "evm.methodIdentifiers",
                "metadata"
              ],
              "": [
                "ast"
              ]
            }
          }
        }
      },
      "imports": [
        "../IERC20.sol"
      ],
      "versionPragmas": [
        "^0.8.0"
      ],
      "artifacts": [
        "IERC20Metadata"
      ]
    },
    "C:\\Users\\Aditya\\Desktop\\Rupay Khudka\\node_modules\\@superfluid-finance\\ethereum-contracts\\contracts\\interfaces\\tokens\\ISETH.sol": {
      "lastModificationDate": 1742677967668,
      "contentHash": "4798cec8ff443efaab2bb2d15ec67586",
      "sourceName": "@superfluid-finance/ethereum-contracts/contracts/interfaces/tokens/ISETH.sol",
      "solcConfig": {
        "version": "0.8.20",
        "settings": {
          "evmVersion": "paris",
          "optimizer": {
            "enabled": false,
            "runs": 200
          },
          "outputSelection": {
            "*": {
              "*": [
                "abi",
                "evm.bytecode",
                "evm.deployedBytecode",
                "evm.methodIdentifiers",
                "metadata"
              ],
              "": [
                "ast"
              ]
            }
          }
        }
      },
      "imports": [
        "../superfluid/ISuperToken.sol"
      ],
      "versionPragmas": [
        ">= 0.8.11"
      ],
      "artifacts": [
        "ISETH",
        "ISETHCustom"
      ]
    },
    "C:\\Users\\Aditya\\Desktop\\Rupay Khudka\\node_modules\\@superfluid-finance\\ethereum-contracts\\contracts\\interfaces\\superfluid\\ISuperTokenFactory.sol": {
      "lastModificationDate": 1742677967677,
      "contentHash": "6675686724be0579ca371a8839065b24",
      "sourceName": "@superfluid-finance/ethereum-contracts/contracts/interfaces/superfluid/ISuperTokenFactory.sol",
      "solcConfig": {
        "version": "0.8.20",
        "settings": {
          "evmVersion": "paris",
          "optimizer": {
            "enabled": false,
            "runs": 200
          },
          "outputSelection": {
            "*": {
              "*": [
                "abi",
                "evm.bytecode",
                "evm.deployedBytecode",
                "evm.methodIdentifiers",
                "metadata"
              ],
              "": [
                "ast"
              ]
            }
          }
        }
      },
      "imports": [
        "@openzeppelin/contracts/token/ERC20/extensions/IERC20Metadata.sol",
        "./ISuperToken.sol"
      ],
      "versionPragmas": [
        ">= 0.8.11"
      ],
      "artifacts": [
        "ISuperTokenFactory"
      ]
    },
    "C:\\Users\\Aditya\\Desktop\\Rupay Khudka\\node_modules\\@superfluid-finance\\ethereum-contracts\\contracts\\interfaces\\agreements\\IInstantDistributionAgreementV1.sol": {
      "lastModificationDate": 1742677967656,
      "contentHash": "c8df189423f617c2bc84f2e2c4e12f4d",
      "sourceName": "@superfluid-finance/ethereum-contracts/contracts/interfaces/agreements/IInstantDistributionAgreementV1.sol",
      "solcConfig": {
        "version": "0.8.20",
        "settings": {
          "evmVersion": "paris",
          "optimizer": {
            "enabled": false,
            "runs": 200
          },
          "outputSelection": {
            "*": {
              "*": [
                "abi",
                "evm.bytecode",
                "evm.deployedBytecode",
                "evm.methodIdentifiers",
                "metadata"
              ],
              "": [
                "ast"
              ]
            }
          }
        }
      },
      "imports": [
        "../superfluid/ISuperAgreement.sol",
        "../superfluid/ISuperfluidToken.sol"
      ],
      "versionPragmas": [
        ">= 0.8.11"
      ],
      "artifacts": [
        "IInstantDistributionAgreementV1"
      ]
    },
    "C:\\Users\\Aditya\\Desktop\\Rupay Khudka\\node_modules\\@superfluid-finance\\ethereum-contracts\\contracts\\interfaces\\superfluid\\ISuperApp.sol": {
      "lastModificationDate": 1742677967670,
      "contentHash": "4da7fef1aac35869f375b2bf5812cf9d",
      "sourceName": "@superfluid-finance/ethereum-contracts/contracts/interfaces/superfluid/ISuperApp.sol",
      "solcConfig": {
        "version": "0.8.20",
        "settings": {
          "evmVersion": "paris",
          "optimizer": {
            "enabled": false,
            "runs": 200
          },
          "outputSelection": {
            "*": {
              "*": [
                "abi",
                "evm.bytecode",
                "evm.deployedBytecode",
                "evm.methodIdentifiers",
                "metadata"
              ],
              "": [
                "ast"
              ]
            }
          }
        }
      },
      "imports": [
        "./ISuperToken.sol"
      ],
      "versionPragmas": [
        ">= 0.8.11"
      ],
      "artifacts": [
        "ISuperApp"
      ]
    },
    "C:\\Users\\Aditya\\Desktop\\Rupay Khudka\\node_modules\\@superfluid-finance\\ethereum-contracts\\contracts\\interfaces\\superfluid\\ISuperfluidGovernance.sol": {
      "lastModificationDate": 1742677967673,
      "contentHash": "7015c4cec194ff7628437ccba21a30cf",
      "sourceName": "@superfluid-finance/ethereum-contracts/contracts/interfaces/superfluid/ISuperfluidGovernance.sol",
      "solcConfig": {
        "version": "0.8.20",
        "settings": {
          "evmVersion": "paris",
          "optimizer": {
            "enabled": false,
            "runs": 200
          },
          "outputSelection": {
            "*": {
              "*": [
                "abi",
                "evm.bytecode",
                "evm.deployedBytecode",
                "evm.methodIdentifiers",
                "metadata"
              ],
              "": [
                "ast"
              ]
            }
          }
        }
      },
      "imports": [
        "./ISuperfluid.sol",
        "./ISuperToken.sol",
        "./ISuperfluidToken.sol"
      ],
      "versionPragmas": [
        ">= 0.8.11"
      ],
      "artifacts": [
        "ISuperfluidGovernance"
      ]
    },
    "C:\\Users\\Aditya\\Desktop\\Rupay Khudka\\node_modules\\@superfluid-finance\\ethereum-contracts\\contracts\\interfaces\\agreements\\gdav1\\IPoolAdminNFT.sol": {
      "lastModificationDate": 1742677967660,
      "contentHash": "b5230741fd7ef93a3cae724a308cb380",
      "sourceName": "@superfluid-finance/ethereum-contracts/contracts/interfaces/agreements/gdav1/IPoolAdminNFT.sol",
      "solcConfig": {
        "version": "0.8.20",
        "settings": {
          "evmVersion": "paris",
          "optimizer": {
            "enabled": false,
            "runs": 200
          },
          "outputSelection": {
            "*": {
              "*": [
                "abi",
                "evm.bytecode",
                "evm.deployedBytecode",
                "evm.methodIdentifiers",
                "metadata"
              ],
              "": [
                "ast"
              ]
            }
          }
        }
      },
      "imports": [
        "./IPoolNFTBase.sol"
      ],
      "versionPragmas": [
        ">=0.8.11"
      ],
      "artifacts": [
        "IPoolAdminNFT"
      ]
    },
    "C:\\Users\\Aditya\\Desktop\\Rupay Khudka\\node_modules\\@superfluid-finance\\ethereum-contracts\\contracts\\interfaces\\agreements\\gdav1\\IPoolMemberNFT.sol": {
      "lastModificationDate": 1742677967661,
      "contentHash": "a920f005670c76d5c973c06f3b1cf6d5",
      "sourceName": "@superfluid-finance/ethereum-contracts/contracts/interfaces/agreements/gdav1/IPoolMemberNFT.sol",
      "solcConfig": {
        "version": "0.8.20",
        "settings": {
          "evmVersion": "paris",
          "optimizer": {
            "enabled": false,
            "runs": 200
          },
          "outputSelection": {
            "*": {
              "*": [
                "abi",
                "evm.bytecode",
                "evm.deployedBytecode",
                "evm.methodIdentifiers",
                "metadata"
              ],
              "": [
                "ast"
              ]
            }
          }
        }
      },
      "imports": [
        "./IPoolNFTBase.sol"
      ],
      "versionPragmas": [
        ">=0.8.11"
      ],
      "artifacts": [
        "IPoolMemberNFT"
      ]
    },
    "C:\\Users\\Aditya\\Desktop\\Rupay Khudka\\node_modules\\@superfluid-finance\\ethereum-contracts\\contracts\\interfaces\\agreements\\gdav1\\IPoolNFTBase.sol": {
      "lastModificationDate": 1742677967662,
      "contentHash": "f95135fc012466bbe8dd1857be6b9cc1",
      "sourceName": "@superfluid-finance/ethereum-contracts/contracts/interfaces/agreements/gdav1/IPoolNFTBase.sol",
      "solcConfig": {
        "version": "0.8.20",
        "settings": {
          "evmVersion": "paris",
          "optimizer": {
            "enabled": false,
            "runs": 200
          },
          "outputSelection": {
            "*": {
              "*": [
                "abi",
                "evm.bytecode",
                "evm.deployedBytecode",
                "evm.methodIdentifiers",
                "metadata"
              ],
              "": [
                "ast"
              ]
            }
          }
        }
      },
      "imports": [
        "@openzeppelin/contracts/token/ERC721/extensions/IERC721Metadata.sol"
      ],
      "versionPragmas": [
        ">=0.8.4"
      ],
      "artifacts": [
        "IPoolNFTBase"
      ]
    },
    "C:\\Users\\Aditya\\Desktop\\Rupay Khudka\\node_modules\\@openzeppelin\\contracts\\token\\ERC721\\extensions\\IERC721Metadata.sol": {
      "lastModificationDate": 1742677806040,
      "contentHash": "efbc0d15b80a74e34dbe8da0f3e879bb",
      "sourceName": "@openzeppelin/contracts/token/ERC721/extensions/IERC721Metadata.sol",
      "solcConfig": {
        "version": "0.8.20",
        "settings": {
          "evmVersion": "paris",
          "optimizer": {
            "enabled": false,
            "runs": 200
          },
          "outputSelection": {
            "*": {
              "*": [
                "abi",
                "evm.bytecode",
                "evm.deployedBytecode",
                "evm.methodIdentifiers",
                "metadata"
              ],
              "": [
                "ast"
              ]
            }
          }
        }
      },
      "imports": [
        "../IERC721.sol"
      ],
      "versionPragmas": [
        "^0.8.0"
      ],
      "artifacts": [
        "IERC721Metadata"
      ]
    },
    "C:\\Users\\Aditya\\Desktop\\Rupay Khudka\\node_modules\\@openzeppelin\\contracts\\token\\ERC721\\IERC721.sol": {
      "lastModificationDate": 1742677806030,
      "contentHash": "48de4c9a3a4ae5ef66a2aa620843413f",
      "sourceName": "@openzeppelin/contracts/token/ERC721/IERC721.sol",
      "solcConfig": {
        "version": "0.8.20",
        "settings": {
          "evmVersion": "paris",
          "optimizer": {
            "enabled": false,
            "runs": 200
          },
          "outputSelection": {
            "*": {
              "*": [
                "abi",
                "evm.bytecode",
                "evm.deployedBytecode",
                "evm.methodIdentifiers",
                "metadata"
              ],
              "": [
                "ast"
              ]
            }
          }
        }
      },
      "imports": [
        "../../utils/introspection/IERC165.sol"
      ],
      "versionPragmas": [
        "^0.8.0"
      ],
      "artifacts": [
        "IERC721"
      ]
    },
    "C:\\Users\\Aditya\\Desktop\\Rupay Khudka\\node_modules\\@openzeppelin\\contracts\\utils\\introspection\\IERC165.sol": {
      "lastModificationDate": 1742677805965,
      "contentHash": "03e6768535ac4da0e9756f1d8a4a018a",
      "sourceName": "@openzeppelin/contracts/utils/introspection/IERC165.sol",
      "solcConfig": {
        "version": "0.8.20",
        "settings": {
          "evmVersion": "paris",
          "optimizer": {
            "enabled": false,
            "runs": 200
          },
          "outputSelection": {
            "*": {
              "*": [
                "abi",
                "evm.bytecode",
                "evm.deployedBytecode",
                "evm.methodIdentifiers",
                "metadata"
              ],
              "": [
                "ast"
              ]
            }
          }
        }
      },
      "imports": [],
      "versionPragmas": [
        "^0.8.0"
      ],
      "artifacts": [
        "IERC165"
      ]
    },
    "C:\\Users\\Aditya\\Desktop\\Rupay Khudka\\node_modules\\@openzeppelin\\contracts\\token\\ERC20\\ERC20.sol": {
      "lastModificationDate": 1742677805770,
      "contentHash": "3ae5166c6827a9cf1a7a462d1632b464",
      "sourceName": "@openzeppelin/contracts/token/ERC20/ERC20.sol",
      "solcConfig": {
        "version": "0.8.20",
        "settings": {
          "evmVersion": "paris",
          "optimizer": {
            "enabled": false,
            "runs": 200
          },
          "outputSelection": {
            "*": {
              "*": [
                "abi",
                "evm.bytecode",
                "evm.deployedBytecode",
                "evm.methodIdentifiers",
                "metadata"
              ],
              "": [
                "ast"
              ]
            }
          }
        }
      },
      "imports": [
        "./IERC20.sol",
        "./extensions/IERC20Metadata.sol",
        "../../utils/Context.sol"
      ],
      "versionPragmas": [
        "^0.8.0"
      ],
      "artifacts": [
        "ERC20"
      ]
    },
    "C:\\Users\\Aditya\\Desktop\\Rupay Khudka\\contracts\\Stake.sol": {
      "lastModificationDate": 1742679110434,
      "contentHash": "a9f04117891e12a2b52b1cd3759896d3",
      "sourceName": "contracts/Stake.sol",
      "solcConfig": {
        "version": "0.8.20",
        "settings": {
          "evmVersion": "paris",
          "optimizer": {
            "enabled": false,
            "runs": 200
          },
          "outputSelection": {
            "*": {
              "*": [
                "abi",
                "evm.bytecode",
                "evm.deployedBytecode",
                "evm.methodIdentifiers",
                "metadata"
              ],
              "": [
                "ast"
              ]
            }
          }
        }
      },
      "imports": [
        "@chainlink/contracts/src/v0.8/shared/interfaces/AggregatorV3Interface.sol",
        "@chainlink/contracts/src/v0.8/ChainlinkClient.sol",
        "@openzeppelin/contracts/token/ERC20/IERC20.sol",
        "@openzeppelin/contracts/access/Ownable.sol"
      ],
      "versionPragmas": [
        "^0.8.0"
      ],
      "artifacts": [
        "Stake"
      ]
    },
    "C:\\Users\\Aditya\\Desktop\\Rupay Khudka\\contracts\\LendBorrow.sol": {
      "lastModificationDate": 1742678783076,
      "contentHash": "79a35db060e1375ca6178d77056442c1",
      "sourceName": "contracts/LendBorrow.sol",
      "solcConfig": {
        "version": "0.8.20",
        "settings": {
          "evmVersion": "paris",
          "optimizer": {
            "enabled": false,
            "runs": 200
          },
          "outputSelection": {
            "*": {
              "*": [
                "abi",
                "evm.bytecode",
                "evm.deployedBytecode",
                "evm.methodIdentifiers",
                "metadata"
              ],
              "": [
                "ast"
              ]
            }
          }
        }
      },
      "imports": [
        "@chainlink/contracts/src/v0.8/shared/interfaces/AggregatorV3Interface.sol",
        "@chainlink/contracts/src/v0.8/ChainlinkClient.sol",
        "@openzeppelin/contracts/token/ERC20/IERC20.sol",
        "@openzeppelin/contracts/access/Ownable.sol"
      ],
      "versionPragmas": [
        "^0.8.0"
      ],
      "artifacts": [
        "LendBorrow"
      ]
    },
    "C:\\Users\\Aditya\\Desktop\\Rupay Khudka\\contracts\\USDCXToken.sol": {
      "lastModificationDate": 1742682036851,
      "contentHash": "5331b08264f95339172f2a7fcd70c56d",
      "sourceName": "contracts/USDCXToken.sol",
      "solcConfig": {
        "version": "0.8.20",
        "settings": {
          "evmVersion": "paris",
          "optimizer": {
            "enabled": false,
            "runs": 200
          },
          "outputSelection": {
            "*": {
              "*": [
                "abi",
                "evm.bytecode",
                "evm.deployedBytecode",
                "evm.methodIdentifiers",
                "metadata"
              ],
              "": [
                "ast"
              ]
            }
          }
        }
      },
      "imports": [
        "@superfluid-finance/ethereum-contracts/contracts/interfaces/superfluid/ISuperfluid.sol",
        "@superfluid-finance/ethereum-contracts/contracts/interfaces/superfluid/ISuperToken.sol",
        "@openzeppelin/contracts/token/ERC20/ERC20.sol"
      ],
      "versionPragmas": [
        "^0.8.0"
      ],
      "artifacts": [
        "USDCXToken"
      ]
    },
    "C:\\Users\\Aditya\\Desktop\\Rupay Khudka\\contracts\\USDCToken.sol": {
      "lastModificationDate": 1742682159082,
      "contentHash": "10a905ba09fd620d5afcd9ea288a6277",
      "sourceName": "contracts/USDCToken.sol",
      "solcConfig": {
        "version": "0.8.20",
        "settings": {
          "evmVersion": "paris",
          "optimizer": {
            "enabled": false,
            "runs": 200
          },
          "outputSelection": {
            "*": {
              "*": [
                "abi",
                "evm.bytecode",
                "evm.deployedBytecode",
                "evm.methodIdentifiers",
                "metadata"
              ],
              "": [
                "ast"
              ]
            }
          }
        }
      },
      "imports": [
        "@openzeppelin/contracts/token/ERC20/ERC20.sol"
      ],
      "versionPragmas": [
        "^0.8.0"
      ],
      "artifacts": [
        "USDCToken"
      ]
    },
    "C:\\Users\\Aditya\\Desktop\\Rupay Khudka\\contracts\\RupyaXToken.sol": {
      "lastModificationDate": 1742681987530,
      "contentHash": "62a8b3f87f86b90894616c103b0fd854",
      "sourceName": "contracts/RupyaXToken.sol",
      "solcConfig": {
        "version": "0.8.20",
        "settings": {
          "evmVersion": "paris",
          "optimizer": {
            "enabled": false,
            "runs": 200
          },
          "outputSelection": {
            "*": {
              "*": [
                "abi",
                "evm.bytecode",
                "evm.deployedBytecode",
                "evm.methodIdentifiers",
                "metadata"
              ],
              "": [
                "ast"
              ]
            }
          }
        }
      },
      "imports": [
        "@superfluid-finance/ethereum-contracts/contracts/interfaces/superfluid/ISuperfluid.sol",
        "@openzeppelin/contracts/token/ERC20/ERC20.sol"
      ],
      "versionPragmas": [
        "^0.8.0"
      ],
      "artifacts": [
        "RupyaXToken"
      ]
    },
    "C:\\Users\\Aditya\\Desktop\\Rupay Khudka\\contracts\\RupyaToken.sol": {
      "lastModificationDate": 1742682145177,
      "contentHash": "44205476bc80f04147ccc37ddc2bc13f",
      "sourceName": "contracts/RupyaToken.sol",
      "solcConfig": {
        "version": "0.8.20",
        "settings": {
          "evmVersion": "paris",
          "optimizer": {
            "enabled": false,
            "runs": 200
          },
          "outputSelection": {
            "*": {
              "*": [
                "abi",
                "evm.bytecode",
                "evm.deployedBytecode",
                "evm.methodIdentifiers",
                "metadata"
              ],
              "": [
                "ast"
              ]
            }
          }
        }
      },
      "imports": [
        "@openzeppelin/contracts/token/ERC20/ERC20.sol"
      ],
      "versionPragmas": [
        "^0.8.0"
      ],
      "artifacts": [
        "RupyaToken"
      ]
    },
    "C:\\Users\\Aditya\\Desktop\\Rupay Khudka\\contracts\\SimpleStorage.sol": {
      "lastModificationDate": 1742682248977,
      "contentHash": "2c61cd058ed9b00b9de095f1c8c4ea58",
      "sourceName": "contracts/SimpleStorage.sol",
      "solcConfig": {
        "version": "0.8.20",
        "settings": {
          "evmVersion": "paris",
          "optimizer": {
            "enabled": false,
            "runs": 200
          },
          "outputSelection": {
            "*": {
              "*": [
                "abi",
                "evm.bytecode",
                "evm.deployedBytecode",
                "evm.methodIdentifiers",
                "metadata"
              ],
              "": [
                "ast"
              ]
            }
          }
        }
      },
      "imports": [],
      "versionPragmas": [
        "^0.8.0"
      ],
      "artifacts": [
        "SimpleStorage"
      ]
    }
  }
}
